,task,mse,mae
0,task_6,148188.4689861197,307.1282840912776
